date,temperature,humidity,wind_speed,rain,pressure,pm25,pm10,no2,o3,so2,aqi,aqi_lag_1,aqi_lag_2,aqi_lag_3,aqi_change_rate,aqi_change_rate_3d,aqi_roll_3,aqi_roll_7,aqi_target_1d,aqi_target_2d,aqi_target_3d,aqi_delta_3d
2025-06-07,30.0,71,17.1,0.0,1006.3,23.320833333333336,62.90833333333333,7.533333333333334,71.33333333333333,10.208333333333334,74.18981481481482,78.81944444444444,77.14565527065527,82.59437321937321,-4.629629629629619,-8.404558404558387,76.71830484330484,89.87849765974765,72.56944444444444,70.33475783475782,70.2457264957265,-3.9440883190883227
2025-06-08,30.0,70,16.6,0.0,1005.8,22.5625,53.975,8.0625,75.75,10.6125,72.56944444444444,74.18981481481482,78.81944444444444,77.14565527065527,-1.620370370370381,-4.576210826210826,75.1929012345679,85.43306115181115,70.33475783475782,70.2457264957265,69.3287037037037,-3.2407407407407476
2025-06-09,30.0,69,17.0,0.0,1004.6,21.516666666666666,48.76666666666667,7.9375,70.04166666666667,10.4125,70.33475783475782,72.56944444444444,74.18981481481482,78.81944444444444,-2.2346866096866194,-8.48468660968662,72.36467236467236,78.0448717948718,70.2457264957265,69.3287037037037,59.66880341880342,-10.665954415954403
2025-06-10,30.4,68,17.7,0.0,1002.6,21.475,49.36666666666667,7.204166666666667,71.5,9.916666666666666,70.2457264957265,70.33475783475782,72.56944444444444,74.18981481481482,-0.08903133903132243,-3.9440883190883227,71.04997625830958,75.1284595034595,69.3287037037037,59.66880341880342,71.17165242165242,0.9259259259259238
2025-06-11,30.3,73,16.5,0.0,1001.8,21.04583333333333,45.6625,7.337499999999999,69.66666666666667,10.458333333333334,69.3287037037037,70.2457264957265,70.33475783475782,72.56944444444444,-0.9170227920228058,-3.2407407407407476,69.96972934472933,73.23336385836386,59.66880341880342,71.17165242165242,93.32264957264957,23.993945868945872
2025-06-12,30.3,77,15.1,0.0,1000.1,16.525000000000002,33.520833333333336,8.633333333333333,66.16666666666667,11.054166666666667,59.66880341880342,69.3287037037037,70.2457264957265,70.33475783475782,-9.659900284900274,-10.665954415954403,66.41441120607787,70.73667073667073,71.17165242165242,93.32264957264957,100.0,40.33119658119658
2025-06-13,30.8,80,13.2,0.0,998.4,21.90833333333333,61.10833333333333,11.420833333333334,71.41666666666667,12.379166666666668,71.17165242165242,59.66880341880342,69.3287037037037,70.2457264957265,11.502849002849004,0.9259259259259238,66.7230531813865,69.64412901912901,93.32264957264957,100.0,111.72916666666667,40.55751424501425
2025-06-14,30.3,82,10.2,0.0,996.5,32.275,110.72916666666669,14.479166666666666,76.0,14.5,93.32264957264957,71.17165242165242,59.66880341880342,69.3287037037037,22.150997150997142,23.993945868945872,74.7210351377018,72.37739112739112,100.0,111.72916666666667,90.35790598290598,-2.964743589743591
2025-06-15,30.5,79,8.5,0.0,995.7,35.4,127.24166666666667,20.354166666666668,65.66666666666667,16.633333333333333,100.0,93.32264957264957,71.17165242165242,59.66880341880342,6.677350427350433,40.33119658119658,88.16476733143399,76.29604192104192,111.72916666666667,90.35790598290598,70.95797720797721,-29.04202279202279
2025-06-16,31.9,75,8.0,2.4,995.6,40.09166666666667,118.54583333333332,24.429166666666664,79.16666666666667,27.34583333333333,111.72916666666667,100.0,93.32264957264957,71.17165242165242,11.729166666666671,40.55751424501425,101.68393874643874,82.2095288970289,90.35790598290598,70.95797720797721,67.0405982905983,-44.688568376068375
2025-06-17,31.8,73,12.5,0.0,996.7,30.8875,89.50833333333333,13.279166666666669,75.16666666666667,13.904166666666669,90.35790598290598,111.72916666666667,100.0,93.32264957264957,-21.371260683760696,-2.964743589743591,100.69569088319088,85.0826973951974,70.95797720797721,67.0405982905983,69.96972934472934,-20.38817663817663
2025-06-18,30.5,77,18.2,0.2,997.4,21.808333333333334,47.65833333333333,6.745833333333334,73.25,9.945833333333333,70.95797720797721,90.35790598290598,111.72916666666667,100.0,-19.399928774928767,-29.04202279202279,91.0150166191833,85.31545075295075,67.0405982905983,69.96972934472934,67.55698005698005,-3.4009971509971564
2025-06-19,30.3,76,21.1,0.4,996.2,19.975,48.4,5.991666666666667,65.54166666666667,7.9875,67.0405982905983,70.95797720797721,90.35790598290598,111.72916666666667,-3.9173789173789118,-44.688568376068375,76.11882716049382,86.3685643060643,69.96972934472934,67.55698005698005,74.80413105413105,7.763532763532751
2025-06-20,30.0,83,18.3,3.7,997.5,21.34583333333333,51.59583333333333,7.666666666666667,63.208333333333336,8.804166666666665,69.96972934472934,67.0405982905983,70.95797720797721,90.35790598290598,2.929131054131048,-20.38817663817663,69.32276828110162,86.196861009361,67.55698005698005,74.80413105413105,83.00391737891738,13.034188034188034
2025-06-21,30.0,83,16.9,3.9,998.5,20.216666666666665,42.645833333333336,9.345833333333331,60.583333333333336,10.245833333333334,67.55698005698005,69.96972934472934,67.0405982905983,70.95797720797721,-2.4127492877492926,-3.4009971509971564,68.18910256410255,82.51605107855107,74.80413105413105,83.00391737891738,91.89814814814815,24.3411680911681
2025-06-22,29.9,80,13.9,0.9,996.9,23.60833333333333,58.6,10.733333333333334,64.95833333333333,12.058333333333332,74.80413105413105,67.55698005698005,69.96972934472934,67.0405982905983,7.247150997150996,7.763532763532751,70.77694681861348,78.91664122914122,83.00391737891738,91.89814814814815,91.63995726495727,16.835826210826227
2025-06-23,30.2,80,13.4,0.7,995.5,27.445833333333336,68.175,11.25,64.375,12.975,83.00391737891738,74.80413105413105,67.55698005698005,69.96972934472934,8.19978632478633,13.034188034188034,75.12167616334283,74.81303418803418,91.89814814814815,91.63995726495727,87.17948717948718,4.175569800569804
2025-06-24,30.3,79,11.3,0.4,994.7,31.60833333333333,88.05,14.083333333333334,64.75,15.2625,91.89814814814815,83.00391737891738,74.80413105413105,67.55698005698005,8.894230769230774,24.3411680911681,83.23539886039886,75.03306878306879,91.63995726495727,87.17948717948718,95.02314814814815,3.125
2025-06-25,30.0,79,9.2,0.0,995.7,31.4875,82.2,15.329166666666666,66.75,16.454166666666666,91.63995726495727,91.89814814814815,83.00391737891738,74.80413105413105,-0.2581908831908777,16.835826210826227,88.84734093067426,77.98763736263736,87.17948717948718,95.02314814814815,74.40349002849003,-17.23646723646725
2025-06-26,31.0,77,7.4,0.1,997.1,29.4,92.81666666666666,16.404166666666665,60.04166666666666,18.504166666666663,87.17948717948718,91.63995726495727,91.89814814814815,83.00391737891738,-4.460470085470092,4.175569800569804,90.2391975308642,80.8646214896215,95.02314814814815,74.40349002849003,57.03347578347578,-30.146011396011403
2025-06-27,29.4,83,8.8,33.5,996.6,33.07083333333333,68.45416666666667,24.354166666666668,74.29166666666667,19.675,95.02314814814815,87.17948717948718,91.63995726495727,91.89814814814815,7.84366096866097,3.125,91.28086419753087,84.44368131868133,74.40349002849003,57.03347578347578,74.87535612535612,-20.147792022792032
2025-06-28,27.9,87,12.3,20.0,996.4,23.42083333333333,47.583333333333336,18.70833333333333,74.125,15.05,74.40349002849003,95.02314814814815,87.17948717948718,91.63995726495727,-20.619658119658126,-17.23646723646725,85.53537511870844,85.42175417175417,57.03347578347578,74.87535612535612,73.88710826210826,-0.5163817663817696
2025-06-29,29.1,85,11.1,1.4,995.6,15.291666666666666,26.366666666666664,17.0125,68.0,15.0125,57.03347578347578,74.40349002849003,95.02314814814815,87.17948717948718,-17.370014245014247,-30.146011396011403,75.48670465337132,82.88308913308914,74.87535612535612,73.88710826210826,75.38283475783476,18.349358974358978
2025-06-30,29.9,81,17.0,0.9,996.5,23.641666666666666,60.39166666666667,10.041666666666666,56.54166666666666,10.120833333333334,74.87535612535612,57.03347578347578,74.40349002849003,95.02314814814815,17.84188034188034,-20.147792022792032,68.77077397910732,81.7218660968661,73.88710826210826,75.38283475783476,83.85861823361823,8.98326210826211
2025-07-01,29.8,81,14.2,1.2,997.4,23.179166666666664,57.18333333333334,11.320833333333333,53.625,10.991666666666667,73.88710826210826,74.87535612535612,57.03347578347578,74.40349002849003,-0.9882478632478637,-0.5163817663817696,68.59864672364672,79.14886039886039,75.38283475783476,83.85861823361823,88.24786324786325,14.360754985754994
2025-07-02,29.8,81,13.1,1.0,997.1,23.879166666666663,71.41250000000001,12.570833333333333,51.91666666666666,12.279166666666669,75.38283475783476,73.88710826210826,74.87535612535612,57.03347578347578,1.495726495726501,18.349358974358978,74.71509971509971,76.82641432641432,83.85861823361823,88.24786324786325,93.99928774928776,18.616452991453002
2025-07-03,30.1,80,10.0,0.3,997.3,27.84583333333333,84.35000000000001,16.854166666666668,47.958333333333336,16.541666666666668,83.85861823361823,75.38283475783476,73.88710826210826,74.87535612535612,8.475783475783473,8.98326210826211,77.70952041785374,76.35200447700447,88.24786324786325,93.99928774928776,86.54736467236467,2.688746438746435
2025-07-04,30.4,78,10.2,0.5,997.9,29.9,86.87916666666666,15.670833333333334,54.125,15.679166666666667,88.24786324786325,83.85861823361823,75.38283475783476,73.88710826210826,4.38924501424502,14.360754985754994,82.49643874643876,75.38410663410663,93.99928774928776,86.54736467236467,96.36752136752136,8.119658119658112
2025-07-05,31.0,75,12.4,0.1,997.0,32.59166666666667,93.47083333333336,10.025,70.75,12.491666666666667,93.99928774928776,88.24786324786325,83.85861823361823,75.38283475783476,5.751424501424509,18.616452991453002,88.70192307692308,78.1835063085063,86.54736467236467,96.36752136752136,99.23433048433048,5.235042735042725
2025-07-06,30.5,76,13.4,0.8,996.2,29.104166666666668,79.45,14.55,64.91666666666667,13.154166666666669,86.54736467236467,93.99928774928776,88.24786324786325,83.85861823361823,-7.451923076923094,2.688746438746435,89.59817188983857,82.39977614977614,96.36752136752136,99.23433048433048,93.62535612535612,7.077991452991455
2025-07-07,30.4,76,8.7,0.0,996.7,33.7,93.83333333333331,19.579166666666666,59.79166666666666,19.829166666666666,96.36752136752136,86.54736467236467,93.99928774928776,88.24786324786325,9.820156695156697,8.119658119658112,92.30472459639127,85.47008547008546,99.23433048433048,93.62535612535612,93.96367521367522,-2.403846153846146
2025-07-08,30.8,74,10.1,0.5,998.0,35.041666666666664,101.17916666666667,15.020833333333334,71.95833333333333,17.433333333333334,99.23433048433048,96.36752136752136,86.54736467236467,93.99928774928776,2.8668091168091223,5.235042735042725,94.0497388414055,89.09111721611721,93.62535612535612,93.96367521367522,81.12535612535612,-18.108974358974365
2025-07-09,30.5,78,10.8,0.4,998.0,32.416666666666664,90.25,16.1875,57.958333333333336,15.454166666666666,93.62535612535612,99.23433048433048,96.36752136752136,86.54736467236467,-5.608974358974365,7.077991452991455,96.40906932573598,91.69719169719168,93.96367521367522,81.12535612535612,77.71545584045583,-15.909900284900289
2025-07-10,30.2,76,10.3,0.6,999.1,32.575,97.45,16.804166666666667,52.0,15.0375,93.96367521367522,93.62535612535612,99.23433048433048,96.36752136752136,0.3383190883190963,-2.403846153846146,95.60778727445394,93.14077126577126,81.12535612535612,77.71545584045583,77.30591168091169,-16.657763532763525
2025-07-11,30.3,76,11.6,0.0,1000.6,26.566666666666663,74.23333333333333,13.9,54.833333333333336,15.058333333333332,81.12535612535612,93.96367521367522,93.62535612535612,99.23433048433048,-12.838319088319096,-18.108974358974365,89.57146248812916,92.12327024827026,77.71545584045583,77.30591168091169,78.81944444444444,-2.3059116809116773
2025-07-12,30.1,74,13.2,0.2,1001.6,24.97083333333333,73.24583333333334,11.604166666666666,56.833333333333336,12.583333333333334,77.71545584045583,81.12535612535612,93.96367521367522,93.62535612535612,-3.4099002849002886,-15.909900284900289,84.2681623931624,89.79700854700855,77.30591168091169,78.81944444444444,89.12037037037037,11.404914529914535
2025-07-13,29.8,76,15.3,0.5,1000.6,24.77916666666667,82.45,9.420833333333333,61.5,11.25,77.30591168091169,77.71545584045583,81.12535612535612,93.96367521367522,-0.40954415954414003,-16.657763532763525,78.71557454890787,88.47680097680097,78.81944444444444,89.12037037037037,85.1673789173789,7.861467236467206
2025-07-14,29.9,78,15.4,0.7,998.8,25.4875,84.34583333333333,9.708333333333334,63.625,11.354166666666666,78.81944444444444,77.30591168091169,77.71545584045583,81.12535612535612,1.5135327635327513,-2.3059116809116773,77.94693732193731,85.96993284493284,89.12037037037037,85.1673789173789,81.51709401709402,2.6976495726495813
2025-07-15,29.9,73,12.1,0.0,998.9,30.308333333333334,83.7,11.920833333333334,59.16666666666666,13.433333333333332,89.12037037037037,78.81944444444444,77.30591168091169,77.71545584045583,10.300925925925924,11.404914529914535,81.7485754985755,84.5250814000814,85.1673789173789,81.51709401709402,78.80163817663818,-10.318732193732188
2025-07-16,29.9,73,11.7,0.2,999.4,28.45833333333333,75.57083333333334,12.354166666666666,54.958333333333336,12.654166666666669,85.1673789173789,89.12037037037037,78.81944444444444,77.30591168091169,-3.952991452991469,7.861467236467206,84.3690645773979,83.31679894179895,81.51709401709402,78.80163817663818,78.53454415954417,-6.632834757834729
2025-07-17,29.7,75,12.1,1.0,1000.7,26.75,72.10000000000001,10.820833333333333,54.958333333333336,13.9875,81.51709401709402,85.1673789173789,89.12037037037037,78.81944444444444,-3.6502849002848734,2.6976495726495813,85.26828110161443,81.53871591371592,78.80163817663818,78.53454415954417,78.81054131054131,-2.7065527065527135
2025-07-18,30.4,70,11.7,0.1,1000.6,25.479166666666668,68.47083333333333,9.2,58.125,14.1,78.80163817663818,81.51709401709402,85.1673789173789,89.12037037037037,-2.7154558404558458,-10.318732193732188,81.8287037037037,81.2067562067562,78.53454415954417,78.81054131054131,86.8945868945869,8.092948717948715
2025-07-19,30.1,74,15.7,0.4,997.4,25.354166666666668,66.55416666666666,8.754166666666666,56.79166666666666,12.633333333333333,78.53454415954417,78.80163817663818,81.51709401709402,85.1673789173789,-0.26709401709400993,-6.632834757834729,79.61775878442546,81.32376882376882,78.81054131054131,86.8945868945869,80.59116809116809,2.0566239316239177
2025-07-20,29.7,77,12.5,1.6,996.7,25.48333333333333,65.28750000000001,11.633333333333333,50.5,14.2,78.81054131054131,78.53454415954417,78.80163817663818,81.51709401709402,0.27599715099714217,-2.7065527065527135,78.71557454890788,81.5387159137159,86.8945868945869,80.59116809116809,74.37678062678063,-4.433760683760681
2025-07-21,30.1,76,11.4,0.2,998.7,29.266666666666666,68.2625,13.779166666666669,53.66666666666666,14.329166666666666,86.8945868945869,78.81054131054131,78.53454415954417,78.80163817663818,8.084045584045583,8.092948717948715,81.41322412155746,82.6923076923077,80.59116809116809,74.37678062678063,80.7781339031339,-6.116452991452988
2025-07-22,30.1,75,15.1,0.6,998.9,26.316666666666663,64.9875,9.029166666666669,58.79166666666666,11.225,80.59116809116809,86.8945868945869,78.81054131054131,78.53454415954417,-6.303418803418808,2.0566239316239177,82.09876543209877,81.47385022385023,74.37678062678063,80.7781339031339,76.37108262108262,-4.220085470085465
2025-07-23,29.3,78,17.9,2.3,995.9,23.40833333333333,59.17083333333333,8.291666666666666,57.583333333333336,8.954166666666667,74.37678062678063,80.59116809116809,86.8945868945869,78.81054131054131,-6.214387464387457,-4.433760683760681,80.62084520417854,79.93233618233617,80.7781339031339,76.37108262108262,84.4551282051282,10.078347578347575
2025-07-24,29.6,77,13.6,1.1,995.4,26.40416666666667,63.6625,10.245833333333334,59.375,11.158333333333331,80.7781339031339,74.37678062678063,80.59116809116809,86.8945868945869,6.4013532763532766,-6.116452991452988,78.58202754036087,79.82677045177046,76.37108262108262,84.4551282051282,76.65598290598291,-4.122150997150996
2025-07-25,29.7,77,13.4,0.9,996.1,24.34166666666667,67.00833333333334,9.570833333333333,62.0,11.675,76.37108262108262,80.7781339031339,74.37678062678063,80.59116809116809,-4.407051282051285,-4.220085470085465,77.17533238366572,79.47954822954823,84.4551282051282,76.65598290598291,70.89565527065528,-5.4754273504273385
2025-07-26,29.7,75,15.1,0.7,996.8,28.125,77.26666666666667,9.466666666666669,64.125,11.5625,84.4551282051282,76.37108262108262,80.7781339031339,74.37678062678063,8.084045584045583,10.078347578347575,80.53478157644824,80.32534595034596,76.65598290598291,70.89565527065528,68.45619658119658,-15.998931623931625
2025-07-27,29.4,76,15.8,0.6,997.2,24.475,64.08749999999999,9.1625,63.29166666666666,11.391666666666666,76.65598290598291,84.4551282051282,76.37108262108262,80.7781339031339,-7.7991452991452945,-4.122150997150996,79.16073124406458,80.0175518925519,70.89565527065528,68.45619658119658,78.2318376068376,1.5758547008546913
2025-07-28,29.3,75,17.6,0.2,997.8,21.77916666666667,67.49166666666666,7.495833333333334,61.083333333333336,9.375,70.89565527065528,76.65598290598291,84.4551282051282,76.37108262108262,-5.760327635327627,-5.4754273504273385,77.33558879392213,77.73199023199024,68.45619658119658,78.2318376068376,80.94729344729345,10.051638176638164
2025-07-29,29.1,77,19.7,0.3,997.6,20.6375,53.020833333333336,7.3,59.208333333333336,8.475,68.45619658119658,70.89565527065528,76.65598290598291,84.4551282051282,-2.4394586894587036,-15.998931623931625,72.00261158594492,75.99842287342288,78.2318376068376,80.94729344729345,74.38568376068376,5.929487179487182
2025-07-30,28.8,80,16.2,1.5,996.6,25.2125,68.89999999999999,8.791666666666666,58.54166666666666,10.016666666666667,78.2318376068376,68.45619658119658,70.89565527065528,76.65598290598291,9.775641025641022,1.5758547008546913,72.52789648622982,76.5491452991453,80.94729344729345,74.38568376068376,68.83903133903132,-9.392806267806279
2025-07-31,28.7,80,12.2,1.7,998.5,26.48333333333333,71.30416666666666,11.983333333333334,54.04166666666666,12.225,80.94729344729345,78.2318376068376,68.45619658119658,70.89565527065528,2.7154558404558458,10.051638176638164,75.87844254510921,76.57331094831095,74.38568376068376,68.83903133903132,66.91595441595442,-14.03133903133903
2025-08-01,28.4,80,14.6,1.8,1000.5,23.4125,61.35416666666666,10.745833333333332,53.75,11.05,74.38568376068376,80.94729344729345,78.2318376068376,68.45619658119658,-6.561609686609685,5.929487179487182,77.85493827160495,76.28968253968254,68.83903133903132,66.91595441595442,63.132122507122496,-11.253561253561266
2025-08-02,28.1,81,15.7,2.0,1001.0,20.816666666666663,59.99166666666667,11.383333333333333,51.208333333333336,10.433333333333334,68.83903133903132,74.38568376068376,80.94729344729345,78.2318376068376,-5.546652421652439,-9.392806267806279,74.72400284900284,74.05881155881157,66.91595441595442,63.132122507122496,66.53311965811966,-2.305911680911663
2025-08-03,28.3,80,14.0,1.3,1002.2,19.916666666666668,58.1375,10.1625,56.875,11.091666666666669,66.91595441595442,68.83903133903132,74.38568376068376,80.94729344729345,-1.9230769230769056,-14.03133903133903,70.04688983855651,72.66737891737891,63.132122507122496,66.53311965811966,70.50391737891738,3.587962962962962
2025-08-04,28.3,79,15.9,1.6,1003.1,18.14583333333333,49.62083333333334,9.325,56.333333333333336,10.025,63.132122507122496,66.91595441595442,68.83903133903132,74.38568376068376,-3.783831908831921,-11.253561253561266,66.29570275403607,71.5583028083028,66.53311965811966,70.50391737891738,69.12393162393163,5.991809116809129
2025-08-05,28.0,80,16.9,2.0,1002.6,19.7375,47.62083333333334,9.5375,52.958333333333336,9.1625,66.53311965811966,63.132122507122496,66.91595441595442,68.83903133903132,3.4009971509971635,-2.305911680911663,65.52706552706552,71.28357753357753,70.50391737891738,69.12393162393163,62.37535612535613,-4.157763532763532
2025-08-06,28.0,80,15.3,1.9,1003.1,21.59583333333333,51.770833333333336,10.291666666666666,52.29166666666666,10.4125,70.50391737891738,66.53311965811966,63.132122507122496,66.91595441595442,3.9707977207977194,3.587962962962962,66.7230531813865,70.17958892958893,69.12393162393163,62.37535612535613,61.832264957264954,-8.671652421652425
2025-08-07,28.1,80,15.2,2.1,1003.4,20.95,48.6,10.391666666666667,53.25,10.7875,69.12393162393163,70.50391737891738,66.53311965811966,63.132122507122496,-1.3799857549857535,5.991809116809129,68.72032288698955,68.49053724053724,62.37535612535613,61.832264957264954,66.6755698005698,-2.4483618233618216
2025-08-08,28.3,76,16.8,0.8,1004.2,17.791666666666668,41.1875,8.120833333333334,54.083333333333336,9.683333333333334,62.37535612535613,69.12393162393163,70.50391737891738,66.53311965811966,-6.748575498575498,-4.157763532763532,67.33440170940172,66.77477614977614,61.832264957264954,66.6755698005698,65.91880341880342,3.5434472934472936
2025-08-09,28.1,79,15.5,2.0,1005.2,17.537499999999998,39.50833333333333,9.258333333333336,49.16666666666666,10.220833333333331,61.832264957264954,62.37535612535613,69.12393162393163,70.50391737891738,-0.5430911680911734,-8.671652421652425,64.44385090218424,65.77380952380952,66.6755698005698,65.91880341880342,66.16809116809117,4.3358262108262124
2025-08-10,28.0,79,15.5,1.6,1004.2,19.804166666666667,44.78333333333333,8.604166666666666,50.5,10.166666666666666,66.6755698005698,61.832264957264954,62.37535612535613,69.12393162393163,4.84330484330485,-2.4483618233618216,63.62773029439696,65.73946886446888,65.91880341880342,66.16809116809117,69.52457264957265,2.8490028490028436
2025-08-11,27.8,79,17.9,1.6,1003.3,19.45,46.725,8.549999999999999,45.79166666666666,9.125,65.91880341880342,66.6755698005698,61.832264957264954,62.37535612535613,-0.7567663817663828,3.5434472934472936,64.80887939221273,66.13756613756614,66.16809116809117,69.52457264957265,71.67022792022792,5.751424501424495
2025-08-12,27.9,78,17.3,2.0,1001.1,19.566666666666663,40.40416666666667,8.983333333333333,46.083333333333336,9.158333333333331,66.16809116809117,65.91880341880342,66.6755698005698,61.832264957264954,0.24928774928774544,4.3358262108262124,66.25415479582146,66.0854192104192,69.52457264957265,71.67022792022792,84.67770655270655,18.509615384615387
2025-08-13,28.1,81,11.2,1.0,999.5,21.1375,46.75416666666666,13.4375,44.833333333333336,12.645833333333334,69.52457264957265,66.16809116809117,65.91880341880342,66.6755698005698,3.356481481481481,2.8490028490028436,67.20382241215576,65.94551282051282,71.67022792022792,84.67770655270655,82.02457264957265,12.5
2025-08-14,28.6,82,6.9,0.1,1000.6,22.141666666666666,53.4125,18.73333333333333,41.29166666666666,16.629166666666666,71.67022792022792,69.52457264957265,66.16809116809117,65.91880341880342,2.1456552706552685,5.751424501424495,69.12096391263059,66.30926943426944,84.67770655270655,82.02457264957265,73.65562678062679,1.985398860398874
2025-08-15,29.4,77,6.4,0.3,1000.5,28.229166666666668,70.12083333333334,23.05,50.458333333333336,21.291666666666668,84.67770655270655,71.67022792022792,69.52457264957265,66.16809116809117,13.007478632478637,18.509615384615387,75.29083570750238,69.49531949531949,82.02457264957265,73.65562678062679,78.39209401709402,-6.285612535612529
2025-08-16,29.5,78,8.6,0.0,999.3,26.9875,61.75416666666666,19.15833333333333,63.333333333333336,21.4875,82.02457264957265,84.67770655270655,71.67022792022792,69.52457264957265,-2.653133903133906,12.5,79.45750237416904,72.37993487993488,73.65562678062679,78.39209401709402,86.73433048433048,4.709757834757838
2025-08-17,30.1,76,8.5,0.0,998.8,23.070833333333336,45.07916666666667,19.241666666666667,60.375,18.941666666666663,73.65562678062679,82.02457264957265,84.67770655270655,71.67022792022792,-8.368945868945858,1.985398860398874,80.119301994302,73.37708587708588,78.39209401709402,86.73433048433048,92.01388888888889,18.358262108262096
2025-08-18,30.4,78,7.2,7.4,999.9,25.2875,39.09583333333333,19.25,76.95833333333333,19.03333333333333,78.39209401709402,73.65562678062679,82.02457264957265,84.67770655270655,4.736467236467234,-6.285612535612529,78.02409781576449,75.15898453398452,86.73433048433048,92.01388888888889,76.27314814814814,-2.118945868945886
2025-08-19,28.5,87,7.9,30.3,999.6,29.191666666666663,46.5375,28.54583333333333,63.5,18.47083333333333,86.73433048433048,78.39209401709402,73.65562678062679,82.02457264957265,8.34223646723646,4.709757834757838,79.5940170940171,78.09701872201872,92.01388888888889,76.27314814814814,73.05021367521368,-13.684116809116802
2025-08-20,28.6,87,5.4,31.8,998.5,31.6625,37.28333333333333,26.22083333333333,91.16666666666669,15.275,92.01388888888889,86.73433048433048,78.39209401709402,73.65562678062679,5.279558404558401,18.358262108262096,85.71343779677113,81.3097781847782,76.27314814814814,73.05021367521368,76.4155982905983,-15.598290598290589
2025-08-21,28.1,90,5.8,28.3,1000.9,24.29583333333333,29.10833333333333,36.97916666666666,45.54166666666666,19.4,76.27314814814814,92.01388888888889,86.73433048433048,78.39209401709402,-15.740740740740748,-2.118945868945886,85.0071225071225,81.96733821733821,73.05021367521368,76.4155982905983,70.81552706552705,-5.457621082621088
2025-08-22,28.1,87,13.7,0.7,1000.4,22.7875,33.52916666666667,15.266666666666666,76.125,14.208333333333334,73.05021367521368,76.27314814814814,92.01388888888889,86.73433048433048,-3.2229344729344547,-13.684116809116802,80.4457502374169,80.3062678062678,76.4155982905983,70.81552706552705,74.93767806267806,1.8874643874643766
2025-08-23,28.2,85,17.2,1.4,999.3,24.3625,50.81666666666666,10.304166666666667,56.0,9.425,76.4155982905983,73.05021367521368,76.27314814814814,92.01388888888889,3.365384615384613,-15.598290598290589,75.24632003798672,79.50498575498577,70.81552706552705,74.93767806267806,83.23539886039885,6.819800569800549
2025-08-24,28.1,87,15.5,1.9,1000.4,21.741666666666664,55.6875,11.2,51.708333333333336,9.829166666666667,70.81552706552705,76.4155982905983,73.05021367521368,76.27314814814814,-5.600071225071247,-5.457621082621088,73.42711301044635,79.09925722425723,74.93767806267806,83.23539886039885,81.49928774928775,10.683760683760696
2025-08-25,28.1,87,11.5,0.7,1000.9,23.67083333333333,68.79166666666667,16.254166666666666,44.625,13.441666666666668,74.93767806267806,70.81552706552705,76.4155982905983,73.05021367521368,4.12215099715101,1.8874643874643766,74.0562678062678,78.60576923076921,83.23539886039885,81.49928774928775,89.50320512820514,14.565527065527078
2025-08-26,28.0,86,9.8,0.1,1002.1,27.554166666666664,87.90833333333335,15.620833333333332,45.79166666666666,13.733333333333334,83.23539886039885,74.93767806267806,70.81552706552705,76.4155982905983,8.297720797720785,6.819800569800549,76.329534662868,78.10592185592184,81.49928774928775,89.50320512820514,98.74465811965811,15.509259259259267
2025-08-27,28.0,85,10.6,0.2,1002.2,26.741666666666664,69.59583333333333,15.133333333333333,49.583333333333336,13.125,81.49928774928775,83.23539886039885,74.93767806267806,70.81552706552705,-1.7361111111111,10.683760683760696,79.89078822412155,76.60383597883597,89.50320512820514,98.74465811965811,107.4375,25.938212250712255
2025-08-28,28.0,83,11.0,0.0,1001.5,30.4875,77.39166666666667,13.416666666666666,55.208333333333336,13.508333333333333,89.50320512820514,81.49928774928775,83.23539886039885,74.93767806267806,8.003917378917393,14.565527065527078,84.74596391263059,78.49384411884411,98.74465811965811,107.4375,80.91168091168092,-8.59152421652422
2025-08-29,27.8,85,10.2,0.1,1001.4,34.8125,92.54583333333332,17.212500000000002,53.083333333333336,14.258333333333333,98.74465811965811,89.50320512820514,81.49928774928775,83.23539886039885,9.241452991452974,15.509259259259267,89.91571699905035,82.16447903947903,107.4375,80.91168091168092,74.9198717948718,-23.824786324786317
2025-08-30,28.3,83,9.5,0.0,1003.0,38.375,98.19166666666666,17.733333333333334,55.208333333333336,16.079166666666666,107.4375,98.74465811965811,89.50320512820514,81.49928774928775,8.692841880341888,25.938212250712255,98.56178774928776,86.59617928367928,80.91168091168092,74.9198717948718,84.01887464387464,-23.41862535612536
2025-08-31,28.2,79,14.4,0.0,1001.9,26.46666666666667,74.47083333333333,11.475,55.29166666666666,12.1875,80.91168091168092,107.4375,98.74465811965811,89.50320512820514,-26.525819088319082,-8.59152421652422,95.69794634377968,88.03848697598698,74.9198717948718,84.01887464387464,88.86217948717949,7.950498575498571
2025-09-01,28.1,78,16.2,0.8,999.8,23.6625,54.475,10.941666666666668,55.458333333333336,10.020833333333334,74.9198717948718,80.91168091168092,107.4375,98.74465811965811,-5.991809116809122,-23.824786324786317,87.75635090218425,88.03594322344323,84.01887464387464,88.86217948717949,78.94408831908831,4.024216524216513
2025-09-02,28.1,77,12.3,0.5,1001.0,27.92083333333333,58.1875,15.170833333333334,50.375,12.0625,84.01887464387464,74.9198717948718,80.91168091168092,107.4375,9.099002849002844,-23.41862535612536,79.95014245014245,88.14786833536833,88.86217948717949,78.94408831908831,81.8554131054131,-2.163461538461533
2025-09-03,28.4,73,10.8,0.0,1002.8,30.1875,63.91666666666666,16.195833333333333,53.0,14.295833333333334,88.86217948717949,84.01887464387464,74.9198717948718,80.91168091168092,4.84330484330485,7.950498575498571,82.6003086419753,89.19971001221002,78.94408831908831,81.8554131054131,80.32407407407406,-8.538105413105427
2025-09-04,28.2,77,11.2,0.0,1003.8,25.54583333333333,61.325,13.245833333333332,56.833333333333336,13.9875,78.94408831908831,88.86217948717949,84.01887464387464,74.9198717948718,-9.91809116809118,4.024216524216513,83.94171415004749,87.69126475376474,81.8554131054131,80.32407407407406,76.24643874643874,-2.697649572649567
2025-09-05,28.8,78,13.0,0.0,1003.6,26.90833333333333,55.520833333333336,12.65,61.958333333333336,13.145833333333334,81.8554131054131,78.94408831908831,88.86217948717949,84.01887464387464,2.9113247863247977,-2.163461538461533,83.22056030389363,85.27851546601548,80.32407407407406,76.24643874643874,81.1698717948718,-0.6855413105413106
2025-09-06,28.6,79,13.7,0.0,1002.9,26.191666666666663,52.3125,13.483333333333334,56.41666666666666,12.166666666666666,80.32407407407406,81.8554131054131,78.94408831908831,88.86217948717949,-1.5313390313390443,-8.538105413105427,80.37452516619184,81.4051689051689,76.24643874643874,81.1698717948718,63.37250712250712,-16.95156695156694
2025-09-07,28.4,77,14.1,0.0,1001.6,24.28333333333333,46.90833333333333,12.116666666666667,54.583333333333336,11.583333333333334,76.24643874643874,80.32407407407406,81.8554131054131,78.94408831908831,-4.0776353276353206,-2.697649572649567,79.4753086419753,80.73870573870575,81.1698717948718,63.37250712250712,67.02279202279202,-9.223646723646723
2025-09-08,27.1,87,12.5,6.8,1001.3,26.5875,51.37916666666666,21.7375,42.66666666666666,14.104166666666666,81.1698717948718,76.24643874643874,80.32407407407406,81.8554131054131,4.923433048433054,-0.6855413105413106,79.24679487179486,81.63156288156289,63.37250712250712,67.02279202279202,57.05128205128205,-24.118589743589745
2025-09-09,26.0,92,14.6,65.8,1002.9,18.258333333333333,27.704166666666666,26.004166666666663,39.958333333333336,12.795833333333334,63.37250712250712,81.1698717948718,76.24643874643874,80.32407407407406,-17.797364672364672,-16.95156695156694,73.59627255460589,78.6820818070818,67.02279202279202,57.05128205128205,55.43091168091168,-7.941595441595446
2025-09-10,26.4,88,14.0,22.6,1006.0,19.966666666666665,40.17083333333333,22.058333333333334,31.25,11.429166666666667,67.02279202279202,63.37250712250712,81.1698717948718,76.24643874643874,3.6502849002848947,-9.223646723646723,70.52172364672366,75.5621693121693,57.05128205128205,55.43091168091168,52.03881766381766,-14.983974358974358
2025-09-11,26.5,88,10.2,2.9,1006.1,15.3,30.225,16.633333333333333,37.75,12.629166666666668,57.05128205128205,67.02279202279202,63.37250712250712,81.1698717948718,-9.971509971509967,-24.118589743589745,62.482193732193736,72.43462555962556,55.43091168091168,52.03881766381766,51.44230769230769,-5.608974358974358
2025-09-12,27.2,84,10.7,1.3,1007.0,14.541666666666666,25.92083333333333,17.1375,35.333333333333336,12.3,55.43091168091168,57.05128205128205,67.02279202279202,63.37250712250712,-1.6203703703703738,-7.941595441595446,59.83499525166192,68.65969678469678,52.03881766381766,51.44230769230769,53.320868945868945,-2.1100427350427324
2025-09-13,27.5,81,11.1,0.0,1007.4,12.954166666666666,22.291666666666668,14.583333333333334,40.333333333333336,12.65,52.03881766381766,55.43091168091168,57.05128205128205,67.02279202279202,-3.392094017094017,-14.983974358974358,54.84033713200381,64.61894586894587,51.44230769230769,53.320868945868945,63.66631054131053,11.62749287749287
2025-09-14,27.6,81,14.7,0.3,1006.9,12.675,22.195833333333336,10.9625,42.958333333333336,10.741666666666667,51.44230769230769,52.03881766381766,55.43091168091168,57.05128205128205,-0.5965099715099669,-5.608974358974358,52.97067901234569,61.07549857549857,53.320868945868945,63.66631054131053,75.58760683760684,24.14529914529915
2025-09-15,27.5,82,17.5,0.5,1004.8,13.554166666666667,25.008333333333336,9.591666666666669,41.458333333333336,8.895833333333334,53.320868945868945,51.44230769230769,52.03881766381766,55.43091168091168,1.8785612535612515,-2.1100427350427324,52.2673314339981,57.0970695970696,63.66631054131053,75.58760683760684,83.69836182336181,30.377492877492863
2025-09-16,27.7,84,14.1,1.3,1003.9,18.39583333333333,39.825,13.591666666666669,38.125,10.225,63.66631054131053,53.320868945868945,51.44230769230769,52.03881766381766,10.345441595441585,11.62749287749287,56.14316239316239,57.1390415140415,75.58760683760684,83.69836182336181,85.20299145299145,21.536680911680925
2025-09-17,27.6,85,9.6,0.2,1004.8,23.975,62.8125,19.541666666666668,38.625,14.4375,75.58760683760684,63.66631054131053,53.320868945868945,51.44230769230769,11.921296296296312,24.14529914529915,64.19159544159545,58.36258648758648,83.69836182336181,85.20299145299145,80.19943019943021,4.611823361823369
2025-09-18,27.4,86,9.6,0.4,1005.0,27.77083333333333,82.90416666666667,19.2375,45.125,14.35,83.69836182336181,75.58760683760684,63.66631054131053,53.320868945868945,8.110754985754966,30.377492877492863,74.31742640075974,62.16931216931216,85.20299145299145,80.19943019943021,73.56659544159544,-10.131766381766369
2025-09-19,27.2,82,10.4,0.3,1006.3,28.475,89.72083333333335,20.945833333333333,38.75,14.041666666666666,85.20299145299145,83.69836182336181,75.58760683760684,63.66631054131053,1.5046296296296475,21.536680911680925,81.4963200379867,66.42246642246641,80.19943019943021,73.56659544159544,64.30733618233619,-20.89565527065527
2025-09-20,27.4,80,11.4,0.6,1006.6,26.133333333333336,77.45,18.329166666666666,38.5,12.770833333333334,80.19943019943021,85.20299145299145,83.69836182336181,75.58760683760684,-5.003561253561244,4.611823361823369,83.03359449192783,70.44541107041107,73.56659544159544,64.30733618233619,65.48254985754986,-14.716880341880355
2025-09-21,27.5,75,12.3,0.0,1006.1,23.02916666666667,65.98333333333333,15.4625,42.375,12.270833333333334,73.56659544159544,80.19943019943021,85.20299145299145,83.69836182336181,-6.632834757834772,-10.131766381766369,79.65633903133904,73.60602360602361,64.30733618233619,65.48254985754986,72.58725071225072,-0.9793447293447173
2025-09-22,27.8,76,14.0,0.3,1006.7,18.695833333333333,44.7625,11.5875,48.79166666666666,11.008333333333333,64.30733618233619,73.56659544159544,80.19943019943021,85.20299145299145,-9.259259259259252,-20.89565527065527,72.69112060778728,75.17551892551892,65.48254985754986,72.58725071225072,82.42521367521368,18.117877492877497
2025-09-23,27.6,77,14.7,0.8,1005.9,19.245833333333334,40.59583333333333,12.279166666666669,47.583333333333336,10.808333333333332,65.48254985754986,64.30733618233619,73.56659544159544,80.19943019943021,1.1752136752136693,-14.716880341880355,67.7854938271605,75.4349816849817,72.58725071225072,82.42521367521368,84.56196581196582,19.079415954415964
2025-09-24,27.5,82,12.9,1.9,1004.0,22.570833333333336,52.95416666666667,15.804166666666667,40.625,11.620833333333332,72.58725071225072,65.48254985754986,64.30733618233619,73.56659544159544,7.104700854700866,-0.9793447293447173,67.4590455840456,75.00635938135939,82.42521367521368,84.56196581196582,70.04985754985756,-2.5373931623931583
2025-09-25,27.6,82,8.7,0.5,1004.7,27.175,58.6,22.254166666666663,38.29166666666666,14.9125,82.42521367521368,72.58725071225072,65.48254985754986,64.30733618233619,9.837962962962962,18.117877492877497,73.49833808167143,74.82448107448108,84.56196581196582,70.04985754985756,81.61502849002848,-0.8101851851852047
2025-09-26,27.9,77,8.6,0.0,1006.6,28.175,54.520833333333336,22.34166666666667,49.75,17.558333333333334,84.56196581196582,82.42521367521368,72.58725071225072,65.48254985754986,2.1367521367521363,19.079415954415964,79.85814339981009,74.73290598290599,70.04985754985756,81.61502849002848,96.66132478632478,12.099358974358964
2025-09-27,28.4,78,9.5,0.0,1007.4,21.383333333333336,33.800000000000004,19.829166666666666,56.625,16.545833333333334,70.04985754985756,84.56196581196582,82.42521367521368,72.58725071225072,-14.512108262108256,-2.5373931623931583,79.01234567901237,73.28296703296704,81.61502849002848,96.66132478632478,82.97720797720797,12.927350427350405
2025-09-28,29.1,81,12.1,0.0,1004.3,26.79583333333333,50.125,15.9875,62.625,14.058333333333332,81.61502849002848,70.04985754985756,84.56196581196582,82.42521367521368,11.565170940170916,-0.8101851851852047,78.7422839506173,74.43274318274318,96.66132478632478,82.97720797720797,54.27350427350427,-27.341524216524206
2025-09-29,33.0,54,7.7,0.0,1000.2,33.8375,42.9875,36.37083333333333,70.95833333333333,17.083333333333332,96.66132478632478,81.61502849002848,70.04985754985756,84.56196581196582,15.046296296296305,12.099358974358964,82.77540360873695,79.05474155474157,82.97720797720797,54.27350427350427,46.30208333333334,-50.35924145299144
2025-09-30,30.1,72,8.2,5.2,999.5,27.433333333333334,38.5875,24.558333333333334,73.625,12.4,82.97720797720797,96.66132478632478,81.61502849002848,70.04985754985756,-13.684116809116816,12.927350427350405,87.08452041785375,81.55397842897843,54.27350427350427,46.30208333333334,42.22222222222222,-40.754985754985746
2025-10-01,30.0,70,9.5,0.3,1000.7,14.0,15.333333333333334,12.2875,77.91666666666667,8.7875,54.27350427350427,82.97720797720797,96.66132478632478,81.61502849002848,-28.703703703703695,-27.341524216524206,77.97067901234568,78.93772893772893,46.30208333333334,42.22222222222222,53.81944444444444,-0.45405982905982967
2025-10-02,30.2,66,11.6,0.3,1003.8,11.1125,14.075,10.804166666666667,70.625,8.075000000000001,46.30208333333334,54.27350427350427,82.97720797720797,96.66132478632478,-7.97142094017093,-50.35924145299144,61.18426519468187,73.77728174603173,42.22222222222222,53.81944444444444,56.793091168091166,10.491007834757824
2025-10-03,28.3,77,13.5,8.4,1007.0,10.133333333333333,14.358333333333334,11.3375,54.958333333333336,7.783333333333334,42.22222222222222,46.30208333333334,54.27350427350427,82.97720797720797,-4.079861111111121,-40.754985754985746,47.599269943019955,67.72874694749694,53.81944444444444,56.793091168091166,96.86609686609685,54.64387464387463
2025-10-04,28.2,80,10.8,0.6,1007.8,13.7875,19.95,17.3375,44.25,11.1625,53.81944444444444,42.22222222222222,46.30208333333334,54.27350427350427,11.597222222222221,-0.45405982905982967,47.44791666666668,65.41011650386649,56.793091168091166,96.86609686609685,115.83333333333331,62.01388888888887
2025-10-05,28.6,77,14.1,1.9,1006.7,15.179166666666667,23.354166666666668,11.5875,61.708333333333336,10.7875,56.793091168091166,53.81944444444444,42.22222222222222,46.30208333333334,2.9736467236467234,10.491007834757824,50.94491927825262,61.86412545787545,96.86609686609685,115.83333333333331,118.17708333333331,61.38399216524215
2025-10-06,28.8,68,19.2,0.1,1007.2,33.93333333333333,122.75833333333333,8.783333333333333,77.75,8.695833333333333,96.86609686609685,56.793091168091166,53.81944444444444,42.22222222222222,40.07300569800569,54.64387464387463,69.15954415954415,61.89337861212861,115.83333333333331,118.17708333333331,109.29166666666667,12.425569800569818
2025-10-07,28.5,62,9.3,0.0,1009.2,41.73333333333333,163.77916666666667,26.48333333333333,58.25,15.791666666666666,115.83333333333331,96.86609686609685,56.793091168091166,53.81944444444444,18.96723646723646,62.01388888888887,89.83084045584046,66.5871108058608,118.17708333333331,109.29166666666667,109.54166666666667,-6.291666666666643
2025-10-08,27.3,70,6.1,0.2,1011.2,42.67083333333333,117.48333333333332,33.47083333333333,55.625,23.554166666666664,118.17708333333331,115.83333333333331,96.86609686609685,56.793091168091166,2.34375,61.38399216524215,110.29217117758783,75.71619352869352,109.29166666666667,109.54166666666667,114.09375,-4.083333333333314
2025-10-09,27.6,64,7.6,0.0,1012.4,39.11666666666667,96.0625,28.42083333333333,64.79166666666667,19.925,109.29166666666667,118.17708333333331,115.83333333333331,96.86609686609685,-8.885416666666643,12.425569800569818,114.43402777777777,84.71470543345542,109.54166666666667,114.09375,109.69791666666667,0.40625
2025-10-10,27.4,64,7.6,0.2,1011.2,39.21666666666667,78.81666666666666,26.6,69.79166666666667,18.941666666666663,109.54166666666667,109.29166666666667,118.17708333333331,115.83333333333331,0.25,-6.291666666666643,112.33680555555556,94.33176892551892,114.09375,109.69791666666667,107.33333333333334,-2.2083333333333286
2025-10-11,27.2,66,6.7,0.5,1011.7,41.0375,71.575,26.766666666666666,74.95833333333333,20.004166666666663,114.09375,109.54166666666667,109.29166666666667,118.17708333333331,4.552083333333329,-4.083333333333314,110.97569444444446,102.942384004884,109.69791666666667,107.33333333333334,94.2218660968661,-19.871883903133906
2025-10-12,27.8,58,7.3,0.0,1011.7,39.27916666666667,60.10416666666666,22.5125,91.5,18.45,109.69791666666667,114.09375,109.54166666666667,109.29166666666667,-4.395833333333329,0.40625,111.11111111111113,110.5002162189662,107.33333333333334,94.2218660968661,86.5562678062678,-23.141648860398874
2025-10-13,27.5,61,8.1,0.0,1011.6,38.333333333333336,51.17916666666667,23.570833333333336,86.20833333333333,16.695833333333333,107.33333333333334,109.69791666666667,114.09375,109.54166666666667,-2.3645833333333286,-2.2083333333333286,110.37500000000001,111.99553571428571,94.2218660968661,86.5562678062678,92.51246438746438,-14.820868945868966
2025-10-14,27.8,61,9.0,0.0,1009.9,32.69583333333333,40.60416666666666,20.441666666666663,94.70833333333331,15.625,94.2218660968661,107.33333333333334,109.69791666666667,114.09375,-13.111467236467249,-19.871883903133906,103.75103869895538,108.90818325193325,86.5562678062678,92.51246438746438,91.09686609686608,-3.125000000000014
2025-10-15,28.2,53,9.6,0.0,1009.4,29.10833333333333,32.737500000000004,21.354166666666668,100.66666666666669,16.458333333333332,86.5562678062678,94.2218660968661,107.33333333333334,109.69791666666667,-7.665598290598297,-23.141648860398874,96.03715574548909,104.3909238909239,92.51246438746438,91.09686609686608,89.97507122507122,3.418803418803421
2025-10-16,29.0,40,7.6,0.0,1010.1,31.89583333333333,35.65833333333333,29.575,96.91666666666669,19.45833333333333,92.51246438746438,86.5562678062678,94.2218660968661,107.33333333333334,5.956196581196579,-14.820868945868966,91.09686609686611,101.99389499389498,91.09686609686608,89.97507122507122,80.43091168091168,-12.0815527065527
2025-10-17,28.9,43,8.2,0.0,1011.2,31.23333333333333,37.62916666666667,29.73333333333333,102.5,20.0125,91.09686609686608,92.51246438746438,86.5562678062678,94.2218660968661,-1.4155982905982967,-3.125000000000014,90.05519943019942,99.35892348392348,89.97507122507122,80.43091168091168,78.32086894586894,-12.775997150997142
2025-10-18,28.3,58,8.0,0.0,1010.1,30.70833333333333,37.24166666666667,30.258333333333336,98.75,20.42083333333333,89.97507122507122,91.09686609686608,92.51246438746438,86.5562678062678,-1.1217948717948616,3.418803418803421,91.19480056980058,95.91339794464794,80.43091168091168,78.32086894586894,103.40625000000001,13.431178774928796
2025-10-19,28.9,48,9.2,0.0,1008.9,26.241666666666664,33.487500000000004,25.39583333333333,94.25,18.933333333333334,80.43091168091168,89.97507122507122,91.09686609686608,92.51246438746438,-9.544159544159541,-12.0815527065527,87.16761633428301,91.73239723239723,78.32086894586894,103.40625000000001,103.21875,22.787838319088323
2025-10-20,29.3,41,8.7,0.0,1009.0,25.254166666666663,31.8625,32.37083333333333,84.75,18.508333333333333,78.32086894586894,80.43091168091168,89.97507122507122,91.09686609686608,-2.1100427350427395,-12.775997150997142,82.90895061728395,87.58775946275945,103.40625000000001,103.21875,109.59375,31.272881054131062
2025-10-21,29.9,35,6.6,0.0,1010.9,36.7625,43.4875,40.0875,78.25,21.425,103.40625000000001,78.32086894586894,80.43091168091168,89.97507122507122,25.085381054131076,13.431178774928796,87.38601020892689,88.8998143060643,103.21875,109.59375,100.44791666666667,-2.958333333333343
2025-10-22,31.0,29,10.3,0.0,1011.7,36.6875,44.0,31.1875,90.125,14.070833333333333,103.21875,103.40625000000001,78.32086894586894,80.43091168091168,-0.1875000000000142,22.787838319088323,94.98195631528966,91.28016890516889,109.59375,100.44791666666667,74.59045584045585,-28.628294159544154
2025-10-23,29.7,34,7.7,0.0,1010.4,39.2375,49.96666666666667,47.95416666666667,80.25,19.995833333333334,109.59375,103.21875,103.40625000000001,78.32086894586894,6.375,31.272881054131062,105.40625000000001,93.72035256410255,100.44791666666667,74.59045584045585,72.99679487179486,-36.59695512820514
2025-10-24,29.8,30,7.6,0.0,1009.4,35.579166666666666,40.4875,53.6625,77.375,21.33333333333333,100.44791666666667,109.59375,103.21875,103.40625000000001,-9.145833333333329,-2.958333333333343,104.42013888888891,95.05621693121694,74.59045584045585,72.99679487179486,79.54950142450141,-20.898415242165257
2025-10-25,30.5,25,7.5,0.0,1008.5,23.508333333333336,27.425,25.15416666666667,93.83333333333331,12.275,74.59045584045585,100.44791666666667,109.59375,103.21875,-25.857460826210826,-28.628294159544154,94.87737416904086,92.85841473341473,72.99679487179486,79.54950142450141,108.16666666666664,33.5762108262108
2025-10-26,30.8,24,13.4,0.0,1008.1,22.7625,25.241666666666664,17.058333333333334,105.25,11.770833333333334,72.99679487179486,74.59045584045585,100.44791666666667,109.59375,-1.5936609686609842,-36.59695512820514,82.67838912630582,91.79639804639805,79.54950142450141,108.16666666666664,91.66666666666666,18.669871794871796
2025-10-27,30.3,24,16.1,0.0,1008.4,25.829166666666666,30.0625,12.9125,106.58333333333331,10.933333333333332,79.54950142450141,72.99679487179486,74.59045584045585,100.44791666666667,6.552706552706553,-20.898415242165257,75.71225071225071,91.97191697191697,108.16666666666664,91.66666666666666,94.45334757834758,14.90384615384616
2025-10-28,29.4,35,16.4,0.0,1009.2,38.66666666666666,45.708333333333336,11.375,117.20833333333331,13.6625,108.16666666666664,79.54950142450141,72.99679487179486,74.59045584045585,28.61716524216523,33.5762108262108,86.90432098765432,92.65197649572649,91.66666666666666,94.45334757834758,161.83771929824562,53.67105263157897
2025-10-29,28.9,35,15.8,0.0,1008.6,31.5,35.45,12.829166666666666,92.04166666666669,10.1125,91.66666666666666,108.16666666666664,79.54950142450141,72.99679487179486,-16.499999999999986,18.669871794871796,93.12761158594492,91.00167887667888,94.45334757834758,161.83771929824562,165.890350877193,74.22368421052633
2025-10-30,29.5,35,14.3,0.0,1008.8,32.80416666666667,37.05833333333333,15.45,95.70833333333331,12.3375,94.45334757834758,91.66666666666666,108.16666666666664,79.54950142450141,2.786680911680918,14.90384615384616,98.09556030389363,88.83876424501425,161.83771929824562,165.890350877193,127.63541666666669,33.18206908831911
2025-10-31,29.1,36,7.1,0.0,1009.6,66.64583333333333,80.52916666666667,38.925,73.41666666666667,20.79583333333333,161.83771929824562,94.45334757834758,91.66666666666666,108.16666666666664,67.38437171989804,53.67105263157897,115.98591118108664,97.60873604952552,165.890350877193,127.63541666666669,90.77635327635326,-71.06136602189235
2025-11-01,27.6,46,7.9,0.0,1010.0,70.49583333333334,79.85416666666667,53.04166666666666,68.125,25.35,165.890350877193,161.83771929824562,94.45334757834758,91.66666666666666,4.05263157894737,74.22368421052633,140.7271392512621,110.65157819763083,127.63541666666669,90.77635327635326,83.78739316239316,-82.10295771479983
2025-11-02,27.4,54,7.8,0.0,1010.2,46.45416666666667,54.00416666666666,32.858333333333334,77.70833333333333,24.383333333333336,127.63541666666669,165.890350877193,161.83771929824562,94.45334757834758,-38.2549342105263,33.18206908831911,151.78782894736844,118.45709559689821,90.77635327635326,83.78739316239316,108.33333333333331,-19.30208333333337
2025-11-03,26.1,79,9.1,0.0,1008.8,31.08333333333333,56.21666666666667,22.05,62.125,13.525,90.77635327635326,127.63541666666669,165.890350877193,161.83771929824562,-36.85906339031342,-71.06136602189235,128.10070694007098,120.0609315757342,83.78739316239316,108.33333333333331,139.25,48.47364672364674
2025-11-04,28.0,30,13.9,0.0,1008.9,27.8125,43.225,22.79583333333333,67.41666666666667,13.416666666666666,83.78739316239316,90.77635327635326,127.63541666666669,165.890350877193,-6.988960113960104,-82.10295771479983,100.73305436847106,116.57817821798085,108.33333333333331,139.25,113.15625,29.36885683760684
2025-11-05,26.8,27,7.5,0.0,1011.0,38.73333333333333,51.28333333333333,48.10833333333333,57.25,15.041666666666666,108.33333333333331,83.78739316239316,90.77635327635326,127.63541666666669,24.545940170940156,-19.30208333333337,94.29902659069326,118.95913059893323,139.25,113.15625,121.98958333333334,13.656250000000028
2025-11-06,24.8,49,6.8,0.0,1012.8,51.1,69.07916666666667,43.73333333333333,76.41666666666667,26.6,139.25,108.33333333333331,83.78739316239316,90.77635327635326,30.916666666666686,48.47364672364674,110.45690883190883,125.35865237345502,113.15625,121.98958333333334,116.94791666666667,-22.30208333333333
2025-11-07,24.8,49,7.8,0.0,1014.6,40.6625,56.10416666666666,26.879166666666663,83.5,18.016666666666666,113.15625,139.25,108.33333333333331,83.78739316239316,-26.09375,29.36885683760684,120.24652777777779,118.40415675941992,121.98958333333334,116.94791666666667,103.57291666666667,-9.583333333333329
2025-11-08,23.8,69,6.7,0.0,1015.0,44.19583333333333,61.208333333333336,37.57083333333333,63.25,19.1,121.98958333333334,113.15625,139.25,108.33333333333331,8.833333333333343,13.656250000000028,124.79861111111113,112.13261853886853,116.94791666666667,103.57291666666667,108.89583333333334,-13.09375
2025-11-09,23.6,67,5.6,0.0,1013.4,42.17916666666667,67.14166666666667,40.37083333333333,49.208333333333336,23.77916666666667,116.94791666666667,121.98958333333334,113.15625,139.25,-5.041666666666671,-22.30208333333333,117.36458333333336,110.60583282458283,103.57291666666667,108.89583333333334,85.37215099715098,-31.57576566951569
2025-11-10,23.5,67,5.4,0.0,1012.8,36.829166666666666,48.24166666666667,43.38333333333333,53.0,24.34166666666667,103.57291666666667,116.94791666666667,121.98958333333334,113.15625,-13.375,-9.583333333333329,114.17013888888891,112.43391330891332,108.89583333333334,85.37215099715098,84.59757834757835,-18.975338319088323
2025-11-11,23.4,71,5.9,0.0,1014.4,38.958333333333336,45.37083333333334,45.99166666666667,57.04166666666666,29.695833333333336,108.89583333333334,103.57291666666667,116.94791666666667,121.98958333333334,5.322916666666671,-13.09375,109.80555555555559,116.02083333333334,85.37215099715098,84.59757834757835,83.44907407407408,-25.446759259259267
2025-11-12,23.7,71,6.7,0.0,1015.8,28.554166666666664,35.770833333333336,33.65,70.20833333333333,23.58333333333333,85.37215099715098,108.89583333333334,103.57291666666667,116.94791666666667,-23.52368233618236,-31.57576566951569,99.28030033238367,112.74066442816444,84.59757834757835,83.44907407407408,88.2389601139601,2.8668091168091223
2025-11-13,23.9,66,7.0,0.0,1016.5,28.191666666666663,38.375,30.48333333333333,77.25,25.6625,84.59757834757835,85.37215099715098,108.89583333333334,103.57291666666667,-0.774572649572633,-18.975338319088323,92.95518755935423,104.93317562067561,83.44907407407408,88.2389601139601,93.87464387464388,9.277065527065531
2025-11-14,23.8,58,7.7,0.0,1015.8,27.65416666666667,34.28333333333333,35.34166666666667,67.58333333333333,23.875,83.44907407407408,84.59757834757835,85.37215099715098,108.89583333333334,-1.1485042735042725,-25.446759259259267,84.47293447293448,100.68929334554335,88.2389601139601,93.87464387464388,99.95548433048434,16.506410256410263
2025-11-15,24.1,44,7.8,0.0,1016.8,29.89583333333333,33.82083333333333,40.7625,65.70833333333333,25.59583333333333,88.2389601139601,83.44907407407408,84.59757834757835,85.37215099715098,4.789886039886028,2.8668091168091223,85.42853751187086,95.86777574277575,93.87464387464388,99.95548433048434,115.88541666666669,27.64645655270658
2025-11-16,24.5,36,7.0,0.0,1018.4,32.53333333333333,32.96666666666667,50.05,69.95833333333333,25.308333333333334,93.87464387464388,88.2389601139601,83.44907407407408,84.59757834757835,5.635683760683776,9.277065527065531,88.52089268755935,92.57159391534391,99.95548433048434,115.88541666666669,107.36458333333334,13.489939458689463
2025-11-17,23.6,46,6.4,0.0,1017.3,35.37916666666667,36.30833333333333,45.00416666666666,81.79166666666667,33.30416666666667,99.95548433048434,93.87464387464388,88.2389601139601,83.44907407407408,6.080840455840459,16.506410256410263,94.02302943969612,92.05481786731787,115.88541666666669,107.36458333333334,100.97916666666666,1.0236823361823184
2025-11-18,23.1,60,6.3,0.0,1015.3,41.75416666666667,44.12916666666666,42.60416666666666,76.83333333333333,31.6625,115.88541666666669,99.95548433048434,93.87464387464388,88.2389601139601,15.929932336182347,27.64645655270658,103.23851495726497,93.05332977207978,107.36458333333334,100.97916666666666,121.88541666666667,5.999999999999986
2025-11-19,23.1,64,7.0,0.0,1015.1,38.34583333333334,40.61666666666667,35.454166666666666,80.33333333333333,29.929166666666664,107.36458333333334,115.88541666666669,99.95548433048434,93.87464387464388,-8.520833333333343,13.489939458689463,107.7351614434948,96.19510582010582,100.97916666666666,121.88541666666667,154.25877192982458,46.89418859649123
2025-11-20,23.2,67,6.9,0.0,1015.9,35.791666666666664,36.80833333333333,34.25416666666667,78.54166666666667,30.508333333333336,100.97916666666666,107.36458333333334,115.88541666666669,99.95548433048434,-6.385416666666686,1.0236823361823184,108.0763888888889,98.53533272283273,121.88541666666667,154.25877192982458,157.55701754385964,56.577850877192986
2025-11-21,23.6,53,6.8,0.0,1016.9,44.15416666666667,45.29166666666666,45.46666666666667,70.66666666666667,34.09583333333333,121.88541666666667,100.97916666666666,107.36458333333334,115.88541666666669,20.906250000000014,5.999999999999986,110.0763888888889,104.0262388074888,154.25877192982458,157.55701754385964,124.97916666666669,3.093750000000014
2025-11-22,23.4,50,6.3,0.0,1015.7,59.44583333333333,63.81666666666666,44.11666666666667,79.08333333333333,30.758333333333336,154.25877192982458,121.88541666666667,100.97916666666666,107.36458333333334,32.373355263157904,46.89418859649123,125.7077850877193,113.45764049546945,157.55701754385964,124.97916666666669,111.21875000000001,-43.04002192982456
2025-11-23,22.9,52,6.9,0.0,1015.4,62.57916666666667,69.375,49.075,70.20833333333333,33.575,157.55701754385964,154.25877192982458,121.88541666666667,100.97916666666666,3.2982456140350678,56.577850877192986,144.5670687134503,122.55512244821456,124.97916666666669,111.21875000000001,102.15625000000001,-55.40076754385963
2025-11-24,22.7,39,7.5,0.0,1016.5,45.39166666666667,48.09583333333333,41.82083333333333,68.70833333333333,23.695833333333336,124.97916666666669,157.55701754385964,154.25877192982458,121.88541666666667,-32.57785087719296,3.093750000000014,145.5983187134503,126.12993421052633,111.21875000000001,102.15625000000001,95.67307692307692,-29.306089743589766
2025-11-25,23.1,32,10.3,0.0,1015.9,39.8875,41.4,21.92083333333333,96.625,20.05,111.21875000000001,124.97916666666669,157.55701754385964,154.25877192982458,-13.760416666666671,-43.04002192982456,131.2516447368421,125.46326754385964,102.15625000000001,95.67307692307692,110.17708333333334,-1.0416666666666714
2025-11-26,23.2,29,7.7,0.0,1015.7,36.2625,37.270833333333336,26.7,92.41666666666669,17.058333333333334,102.15625000000001,111.21875000000001,124.97916666666669,157.55701754385964,-9.0625,-55.40076754385963,112.78472222222224,124.71921992481202,95.67307692307692,110.17708333333334,110.8125,8.656249999999986
2025-11-27,23.0,27,12.7,0.0,1017.1,33.375,34.237500000000004,14.8625,108.04166666666669,17.783333333333335,95.67307692307692,102.15625000000001,111.21875000000001,124.97916666666669,-6.483173076923094,-29.306089743589766,103.01602564102565,123.96120710429922,110.17708333333334,110.8125,102.86458333333331,7.191506410256395
2025-11-28,22.3,31,11.4,0.0,1016.7,39.47083333333334,40.516666666666666,17.0375,110.58333333333331,20.854166666666668,110.17708333333334,95.67307692307692,102.15625000000001,111.21875000000001,14.504006410256423,-1.0416666666666714,102.66880341880345,122.28858805668017,110.8125,102.86458333333331,85.44337606837607,-24.733707264957275
2025-11-29,22.0,33,9.9,0.0,1015.4,39.725,40.60833333333333,19.9875,109.95833333333331,23.433333333333334,110.8125,110.17708333333334,95.67307692307692,102.15625000000001,0.6354166666666572,8.656249999999986,105.55422008547009,116.08197778099095,102.86458333333331,85.44337606837607,111.79166666666667,0.9791666666666714
2025-11-30,21.8,40,7.2,0.0,1014.5,36.54583333333333,37.020833333333336,42.07083333333333,76.95833333333333,28.441666666666663,102.86458333333331,110.8125,110.17708333333334,95.67307692307692,-7.947916666666686,7.191506410256395,107.9513888888889,108.26877289377289,85.44337606837607,111.79166666666667,77.40384615384616,-25.460737179487154
2025-12-01,21.3,45,6.7,0.0,1013.6,28.5875,35.22083333333333,40.55416666666667,57.333333333333336,22.525,85.44337606837607,102.86458333333331,110.8125,110.17708333333334,-17.421207264957246,-24.733707264957275,99.7068198005698,102.62080280830283,111.79166666666667,77.40384615384616,75.53418803418803,-9.909188034188034
2025-12-02,20.7,40,7.0,0.0,1014.3,40.11666666666667,48.208333333333336,47.87916666666666,67.5,36.34583333333334,111.79166666666667,85.44337606837607,102.86458333333331,110.8125,26.348290598290603,0.9791666666666714,100.0332086894587,102.70264804639805,77.40384615384616,75.53418803418803,71.56339031339031,-40.22827635327636
2025-12-03,21.5,26,10.4,0.0,1017.1,24.825,26.3875,18.091666666666665,91.66666666666669,14.629166666666668,77.40384615384616,111.79166666666667,85.44337606837607,102.86458333333331,-34.38782051282051,-25.460737179487154,91.5462962962963,99.16659035409036,75.53418803418803,71.56339031339031,89.54772079772081,12.143874643874653
2025-12-04,22.2,27,8.0,0.0,1017.9,23.95,24.379166666666663,21.25,86.5,17.162499999999998,75.53418803418803,77.40384615384616,111.79166666666667,85.44337606837607,-1.8696581196581263,-9.909188034188034,88.24323361823365,96.28960622710622,71.56339031339031,89.54772079772081,121.15625,45.622061965811966
2025-12-05,22.1,33,7.0,0.0,1018.3,22.09166666666667,22.27916666666667,27.179166666666664,79.08333333333333,18.091666666666665,71.56339031339031,75.53418803418803,77.40384615384616,111.79166666666667,-3.9707977207977194,-40.22827635327636,74.83380816714151,90.77336436711437,89.54772079772081,121.15625,83.24430199430199,11.680911680911677
2025-12-06,22.7,27,10.0,0.0,1018.3,30.508333333333336,30.77083333333333,21.0125,79.91666666666667,15.366666666666667,89.54772079772081,71.56339031339031,75.53418803418803,77.40384615384616,17.9843304843305,12.143874643874653,78.8817663817664,87.73553876678878,121.15625,83.24430199430199,89.7346866096866,0.18696581196579132
2025-12-07,22.3,29,6.8,0.0,1017.8,43.8625,44.09583333333333,39.766666666666666,64.875,22.54583333333333,121.15625,89.54772079772081,71.56339031339031,75.53418803418803,31.608529202279186,45.622061965811966,94.08912037037038,90.348634004884,83.24430199430199,89.7346866096866,82.46972934472936,-38.68652065527064
2025-12-08,23.0,28,7.2,0.0,1018.2,27.558333333333334,28.1375,26.0375,77.625,15.983333333333334,83.24430199430199,121.15625,89.54772079772081,71.56339031339031,-37.91194800569801,11.680911680911677,97.98275759734095,90.03448056573056,89.7346866096866,82.46972934472936,81.76638176638176,-1.4779202279202366
2025-12-09,22.5,33,5.4,0.0,1017.7,30.59583333333333,31.8125,43.77916666666667,63.375,25.65,89.7346866096866,83.24430199430199,121.15625,89.54772079772081,6.490384615384613,0.18696581196579132,98.04507953466288,86.88348341473342,82.46972934472936,81.76638176638176,76.39779202279203,-13.336894586894573
2025-12-10,21.3,53,5.6,0.0,1017.3,27.195833333333336,28.008333333333336,47.38333333333333,60.583333333333336,32.108333333333334,82.46972934472936,89.7346866096866,83.24430199430199,121.15625,-7.264957264957246,-38.68652065527064,85.14957264957266,87.60718101343102,81.76638176638176,76.39779202279203,77.38603988603988,-5.083689458689477
2025-12-11,20.8,77,5.2,0.0,1016.0,26.866666666666664,30.52083333333333,43.34166666666667,59.333333333333336,26.4625,81.76638176638176,82.46972934472936,89.7346866096866,83.24430199430199,-0.7033475783476035,-1.4779202279202366,84.65693257359925,88.49749440374441,76.39779202279203,77.38603988603988,126.16666666666667,44.400284900284916
2025-12-12,20.6,78,6.3,0.0,1014.7,24.354166666666668,27.3375,35.675,59.458333333333336,20.529166666666665,76.39779202279203,81.76638176638176,82.46972934472936,89.7346866096866,-5.368589743589723,-13.336894586894573,80.2113010446344,89.18812321937322,77.38603988603988,126.16666666666667,145.80208333333331,69.40429131054128
2025-12-13,21.3,75,6.0,0.0,1014.7,24.816666666666663,26.616666666666664,39.19583333333333,54.208333333333336,22.441666666666663,77.38603988603988,76.39779202279203,81.76638176638176,82.46972934472936,0.9882478632478495,-5.083689458689477,78.51673789173789,87.45074023199022,126.16666666666667,145.80208333333331,140.78125,63.39521011396012
2025-12-14,21.1,56,7.2,0.0,1016.3,45.86666666666667,50.01666666666667,41.19166666666667,65.75,31.4,126.16666666666667,77.38603988603988,76.39779202279203,81.76638176638176,48.78062678062679,44.400284900284916,93.31683285849954,88.16651404151403,145.80208333333331,140.78125,119.40625,-6.760416666666671
2025-12-15,21.7,45,8.2,0.0,1016.8,53.72083333333333,57.1625,24.27083333333333,92.0,19.808333333333334,145.80208333333331,126.16666666666667,77.38603988603988,76.39779202279203,19.635416666666643,69.40429131054128,116.45159662867997,97.10333994708995,140.78125,119.40625,129.34375,-16.458333333333314
2025-12-16,22.3,42,11.9,0.0,1015.8,51.7125,54.10416666666666,13.708333333333334,109.29166666666669,21.945833333333336,140.78125,145.80208333333331,126.16666666666667,77.38603988603988,-5.020833333333314,63.39521011396012,137.58333333333334,104.39570614570616,119.40625,129.34375,149.09375,8.3125
2025-12-17,22.2,41,9.4,0.0,1016.8,43.1625,44.99583333333334,25.34583333333333,93.70833333333331,23.15833333333333,119.40625,140.78125,145.80208333333331,126.16666666666667,-21.375,-6.760416666666671,135.32986111111111,109.67235195360195,129.34375,149.09375,148.88541666666669,29.479166666666686
2025-12-18,21.7,44,6.8,0.0,1017.0,47.1375,49.84583333333333,47.70416666666667,75.70833333333333,33.458333333333336,129.34375,119.40625,140.78125,145.80208333333331,9.9375,-16.458333333333314,129.84375,116.46911884411884,149.09375,148.88541666666669,81.28561253561253,-48.05813746438747
2025-12-19,23.0,44,5.0,0.0,1014.6,55.0375,57.30833333333334,54.21666666666667,77.66666666666667,32.49583333333333,149.09375,129.34375,119.40625,140.78125,19.75,8.3125,132.61458333333334,126.8542556980057,148.88541666666669,81.28561253561253,132.22916666666663,-16.86458333333337
2025-12-20,23.0,55,5.0,0.0,1013.0,54.95416666666667,57.11666666666667,44.95416666666667,79.875,32.416666666666664,148.88541666666669,149.09375,129.34375,119.40625,-0.20833333333331439,29.479166666666686,142.44097222222226,137.06845238095238,81.28561253561253,132.22916666666663,120.29166666666669,-28.59375
2025-12-21,22.6,67,6.6,0.0,1014.4,26.641666666666666,37.3125,29.10833333333333,59.79166666666666,17.791666666666668,81.28561253561253,148.88541666666669,149.09375,129.34375,-67.59980413105416,-48.05813746438747,126.4215930674264,130.65687321937324,132.22916666666663,120.29166666666669,115.91666666666667,34.63105413105414
2025-12-22,22.0,51,7.7,0.0,1015.5,48.29166666666666,58.62916666666666,35.67916666666667,71.0,23.354166666666668,132.22916666666663,81.28561253561253,148.88541666666669,149.09375,50.9435541310541,-16.86458333333337,120.80006528964861,128.7178851241351,120.29166666666669,115.91666666666667,115.72916666666669,-16.499999999999943
2025-12-23,21.8,47,9.9,0.0,1016.4,43.51666666666667,49.32916666666667,20.7375,87.20833333333333,20.08333333333333,120.29166666666669,132.22916666666663,81.28561253561253,148.88541666666669,-11.937499999999943,-28.59375,111.26881528964861,125.79080179080178,115.91666666666667,115.72916666666669,117.46875000000001,-2.8229166666666714
2025-12-24,20.4,46,7.1,0.0,1015.5,41.766666666666666,47.5,45.92083333333333,61.41666666666666,24.3625,115.91666666666667,120.29166666666669,132.22916666666663,81.28561253561253,-4.375000000000014,34.63105413105414,122.8125,125.29228988603988,115.72916666666669,117.46875000000001,128.91666666666669,13.000000000000014
2025-12-25,19.7,63,5.8,0.0,1015.1,41.69166666666667,44.72083333333333,41.7625,64.95833333333333,35.7125,115.72916666666669,115.91666666666667,120.29166666666669,132.22916666666663,-0.1874999999999858,-16.499999999999943,117.31250000000001,123.3473494098494,117.46875000000001,128.91666666666669,123.02083333333331,7.291666666666629
2025-12-26,19.7,63,6.4,0.0,1015.0,42.3875,44.875,41.575,60.66666666666666,33.5,117.46875000000001,115.72916666666669,115.91666666666667,120.29166666666669,1.7395833333333286,-2.8229166666666714,116.37152777777779,118.82949226699226,128.91666666666669,123.02083333333331,120.67708333333331,3.2083333333333
2025-12-27,20.2,45,7.1,0.0,1015.3,46.96666666666667,48.7375,57.675,70.66666666666667,32.93333333333333,128.91666666666669,117.46875000000001,115.72916666666669,115.91666666666667,11.447916666666671,13.000000000000014,120.70486111111113,115.9768136955637,123.02083333333331,120.67708333333331,115.11458333333334,-13.802083333333343
2025-12-28,20.4,43,6.6,0.0,1015.3,44.60833333333333,45.28333333333333,46.07916666666667,72.66666666666667,34.6,123.02083333333331,128.91666666666669,117.46875000000001,115.72916666666669,-5.895833333333371,7.291666666666629,123.13541666666667,121.93898809523809,120.67708333333331,115.11458333333334,72.23112535612536,-50.789707977207954
2025-12-29,20.2,53,6.4,0.0,1014.8,43.67083333333333,44.81666666666666,30.58333333333333,90.625,31.15416666666667,120.67708333333331,123.02083333333331,128.91666666666669,117.46875000000001,-2.34375,3.2083333333333,124.20486111111113,120.28869047619048,115.11458333333334,72.23112535612536,150.75438596491227,30.07730263157896
2025-12-30,20.8,71,7.6,1.4,1012.1,41.44583333333333,44.62916666666666,26.9125,76.91666666666667,18.616666666666667,115.11458333333334,120.67708333333331,123.02083333333331,128.91666666666669,-5.562499999999972,-13.802083333333343,119.60416666666667,119.54910714285714,72.23112535612536,150.75438596491227,151.25,36.13541666666666
2025-12-31,20.8,61,9.3,0.0,1009.9,22.40416666666667,34.854166666666664,32.3875,55.958333333333336,16.775000000000002,72.23112535612536,115.11458333333334,120.67708333333331,123.02083333333331,-42.88345797720798,-50.789707977207954,102.67426400759734,113.30831552706552,150.75438596491227,151.25,150.75,78.51887464387464
2026-01-01,19.8,59,7.1,0.0,1014.7,56.11666666666667,70.56666666666666,41.74166666666667,62.375,24.004166666666663,150.75438596491227,72.23112535612536,115.11458333333334,120.67708333333331,78.52326060878691,30.07730263157896,112.700031551457,118.31191828395777,151.25,150.75,152.10087719298247,1.3464912280701924
2026-01-02,19.7,52,6.5,0.0,1017.8,56.5875,77.82916666666667,50.30833333333334,60.25,28.616666666666664,151.25,150.75438596491227,72.23112535612536,115.11458333333334,0.4956140350877263,36.13541666666666,124.74517044034587,123.13781114110063,150.75,152.10087719298247,150.2061403508772,-1.043859649122794
2026-01-03,18.8,64,5.4,0.0,1017.4,56.1125,72.69583333333334,45.17083333333333,68.75,29.320833333333336,150.75,151.25,150.75438596491227,72.23112535612536,-0.5,78.51887464387464,150.9181286549708,126.25685876014823,152.10087719298247,150.2061403508772,110.67708333333331,-40.072916666666686
2026-01-04,19.0,73,6.2,0.0,1018.0,57.395833333333336,97.57916666666668,40.15,64.25,30.258333333333336,152.10087719298247,150.75,151.25,150.75438596491227,1.3508771929824661,1.3464912280701924,151.3669590643275,130.4111507400981,150.2061403508772,110.67708333333331,107.4375,-44.663377192982466
2026-01-05,19.8,61,6.7,0.0,1018.9,55.59583333333333,79.64166666666667,44.020833333333336,80.83333333333333,29.075,150.2061403508772,152.10087719298247,150.75,151.25,-1.8947368421052602,-1.043859649122794,151.01900584795325,134.62958745689008,110.67708333333331,107.4375,83.27991452991452,-66.92622582096269
2026-01-06,19.8,48,10.3,0.0,1019.7,39.67083333333333,47.90833333333333,16.233333333333334,95.70833333333331,14.183333333333332,110.67708333333331,150.2061403508772,152.10087719298247,150.75,-39.52905701754389,-40.072916666666686,137.66136695906434,133.99565888546152,107.4375,83.27991452991452,71.13603988603988,-39.54104344729343
2026-01-07,18.9,43,12.4,0.0,1020.3,38.375,41.81666666666667,15.370833333333332,100.125,14.291666666666666,107.4375,110.67708333333331,150.2061403508772,152.10087719298247,-3.2395833333333144,-44.663377192982466,122.7735745614035,139.0251409774436,83.27991452991452,71.13603988603988,94.97863247863248,-12.458867521367523
2026-01-08,17.9,37,11.4,0.0,1020.5,27.575,28.58333333333333,17.145833333333332,93.45833333333331,13.479166666666666,83.27991452991452,107.4375,110.67708333333331,150.2061403508772,-24.15758547008548,-66.92622582096269,100.46483262108262,129.38593077244394,71.13603988603988,94.97863247863248,103.08333333333334,19.803418803418822
2026-01-09,17.8,34,7.6,0.0,1019.9,21.891666666666666,23.179166666666664,24.016666666666666,90.54166666666669,16.366666666666667,71.13603988603988,83.27991452991452,107.4375,110.67708333333331,-12.14387464387464,-39.54104344729343,87.28448480531814,117.9410793275925,94.97863247863248,103.08333333333334,141.1875,70.05146011396012
2026-01-10,17.9,37,8.1,0.0,1020.3,33.050000000000004,34.75,28.52916666666667,88.41666666666667,21.120833333333334,94.97863247863248,71.13603988603988,83.27991452991452,107.4375,23.842592592592595,-12.458867521367523,83.1315289648623,109.97374111025428,103.08333333333334,141.1875,126.21875000000001,31.240117521367537
2026-01-11,17.3,37,9.6,0.0,1021.3,36.63333333333333,38.75833333333333,19.441666666666663,90.875,14.995833333333332,103.08333333333334,94.97863247863248,71.13603988603988,83.27991452991452,8.104700854700866,19.803418803418822,89.7326685660019,102.97123484459011,141.1875,126.21875000000001,98.93162393162393,-4.151709401709411
2026-01-12,17.3,51,5.5,0.0,1019.8,51.875,53.79166666666666,53.43333333333334,76.41666666666667,28.2375,141.1875,103.08333333333334,94.97863247863248,71.13603988603988,38.10416666666666,70.05146011396012,113.08315527065527,101.68285765160765,126.21875000000001,98.93162393162393,109.52083333333334,-31.666666666666657
2026-01-13,18.5,45,5.2,0.0,1019.4,45.8875,47.69166666666666,43.17083333333333,68.125,26.2125,126.21875000000001,141.1875,103.08333333333334,94.97863247863248,-14.968749999999986,31.240117521367537,123.49652777777779,103.90309574684576,98.93162393162393,109.52083333333334,99.85754985754986,-26.36120014245016
2026-01-14,19.8,68,5.8,0.0,1016.7,34.9,43.3125,36.2875,61.333333333333336,19.641666666666666,98.93162393162393,126.21875000000001,141.1875,103.08333333333334,-27.287126068376082,-4.151709401709411,122.11262464387465,102.6879705942206,109.52083333333334,99.85754985754986,86.33368945868945,-12.597934472934483
2026-01-15,20.5,77,5.6,0.0,1015.3,39.208333333333336,45.9,45.62083333333334,49.66666666666666,22.3625,109.52083333333334,98.93162393162393,126.21875000000001,141.1875,10.589209401709411,-31.666666666666657,111.5570690883191,106.43667328042329,99.85754985754986,86.33368945868945,102.16666666666667,-7.354166666666671
2026-01-16,21.3,73,7.6,0.0,1013.8,35.333333333333336,46.0,36.2875,57.375,18.4875,99.85754985754986,109.52083333333334,98.93162393162393,126.21875000000001,-9.663283475783487,-26.36120014245016,102.77000237416905,110.53974613349612,86.33368945868945,102.16666666666667,109.30208333333333,9.444533475783473
2026-01-17,21.6,69,7.7,0.0,1012.2,29.004166666666663,54.5375,27.745833333333334,68.0,14.85,86.33368945868945,99.85754985754986,109.52083333333334,98.93162393162393,-13.523860398860407,-12.597934472934483,98.57069088319088,109.30475427350427,102.16666666666667,109.30208333333333,93.8568376068376,7.523148148148152
